,Id,Title,Release Date,Popularity,Vote Average,Original Title,Overview
0,19404,Dilwale Dulhania Le Jayenge,1995-10-20,17.671,8.9,दिलवाले दुल्हनिया ले जायेंगे,"Raj is a rich, carefree, happy-go-lucky second generation NRI. Simran is the daughter of Chaudhary Baldev Singh, who in spite of being an NRI is very strict about adherence to Indian values. Simran has left for India to be married to her childhood fiancé. Raj leaves for India with a mission at his hands, to claim his lady love under the noses of her whole family. Thus begins a saga."
1,278,The Shawshank Redemption,1994-09-23,34.026,8.7,The Shawshank Redemption,"Framed in the 1940s for the double murder of his wife and her lover, upstanding banker Andy Dufresne begins a new life at the Shawshank prison, where he puts his accounting skills to work for an amoral warden. During his long stretch in prison, Dufresne comes to be admired by the other inmates -- including an older prisoner named Red -- for his integrity and unquenchable sense of hope."
2,496243,Parasite,2019-10-11,44.232,8.7,기생충,"All unemployed, Ki-taek's family takes peculiar interest in the wealthy and glamorous Parks for their livelihood until they get entangled in an unexpected incident."
3,238,The Godfather,1972-03-15,30.291,8.6,The Godfather,"Spanning the years 1945 to 1955, a chronicle of the fictional Italian-American Corleone crime family. When organized crime family patriarch, Vito Corleone barely survives an attempt on his life, his youngest son, Michael steps in to take care of the would-be killers, launching a campaign of bloody revenge."
4,372058,Your Name.,2017-04-07,27.341,8.6,君の名は。,"High schoolers Mitsuha and Taki are complete strangers living separate lives. But one night, they suddenly switch places. Mitsuha wakes up in Taki’s body, and he in hers. This bizarre occurrence continues to happen randomly, and the two must adjust their lives around each other."
5,424,Schindler's List,1993-12-15,29.13,8.5,Schindler's List,The true story of how businessman Oskar Schindler saved over a thousand Jewish lives from the Nazis while they worked as slaves in his factory during World War II.
6,240,The Godfather: Part II,1974-12-20,21.964,8.5,The Godfather: Part II,"In the continuing saga of the Corleone crime family, a young Vito Corleone grows up in Sicily and in 1910s New York. In the 1950s, Michael Corleone attempts to expand the family business into Las Vegas, Hollywood and Cuba."
7,129,Spirited Away,2002-09-20,32.213,8.5,千と千尋の神隠し,"A young girl, Chihiro, becomes trapped in a strange new world of spirits. When her parents undergo a mysterious transformation, she must call upon the courage she never knew she had to free her family."
8,497,The Green Mile,1999-12-10,30.664,8.5,The Green Mile,"A supernatural tale set on death row in a Southern prison, where gentle giant John Coffey possesses the mysterious power to heal people's ailments. When the cell block's head guard, Paul Edgecomb, recognizes Coffey's miraculous gift, he tries desperately to help stave off the condemned man's execution."
9,637,Life Is Beautiful,1998-10-22,16.476,8.5,La vita è bella,A touching story of an Italian book seller of Jewish ancestry who lives in his own little fairy tale. His creative and happy life would come to an abrupt halt when his entire family is deported to a concentration camp during World War II. While locked up he tries to convince his son that the whole thing is just a game.
10,680,Pulp Fiction,1994-10-14,34.221,8.4,Pulp Fiction,"A burger-loving hit man, his philosophical partner, a drug-addled gangster's moll and a washed-up boxer converge in this sprawling, comedic crime caper. Their adventures unfurl in three stories that ingeniously trip back and forth in time."
11,324857,Spider-Man: Into the Spider-Verse,2018-12-14,48.661,8.4,Spider-Man: Into the Spider-Verse,"Miles Morales is juggling his life between being a high school student and being a spider-man. When Wilson ""Kingpin"" Fisk uses a super collider, others from across the Spider-Verse are transported to this dimension."
12,155,The Dark Knight,2008-07-18,33.459,8.4,The Dark Knight,"Batman raises the stakes in his war on crime. With the help of Lt. Jim Gordon and District Attorney Harvey Dent, Batman sets out to dismantle the remaining criminal organizations that plague the streets. The partnership proves to be effective, but they soon find themselves prey to a reign of chaos unleashed by a rising criminal mastermind known to the terrified citizens of Gotham as the Joker."
13,13,Forrest Gump,1994-07-06,27.122,8.4,Forrest Gump,"A man with a low IQ has accomplished great things in his life and been present during significant historic events—in each case, far exceeding what anyone imagined he could do. But despite all he has achieved, his one true love eludes him."
14,550,Fight Club,1999-10-15,27.376,8.4,Fight Club,"A ticking-time-bomb insomniac and a slippery soap salesman channel primal male aggression into a shocking new form of therapy. Their concept catches on, with underground ""fight clubs"" forming in every town, until an eccentric gets in the way and ignites an out-of-control spiral toward oblivion."
15,122,The Lord of the Rings: The Return of the King,2003-12-17,33.299,8.4,The Lord of the Rings: The Return of the King,"Aragorn is revealed as the heir to the ancient kings as he, Gandalf and the other members of the broken fellowship struggle to save Gondor from Sauron's forces. Meanwhile, Frodo and Sam bring the ring closer to the heart of Mordor, the dark lord's realm."
16,539,Psycho,1960-09-08,18.083,8.4,Psycho,"When larcenous real estate clerk Marion Crane goes on the lam with a wad of cash and hopes of starting a new life, she ends up at the notorious Bates Motel, where manager Norman Bates cares for his housebound mother. The place seems quirky, but fine… until Marion decides to take a shower."
17,14537,Harakiri,1963-09-11,14.051,8.4,切腹,"Aging samurai Hanshiro Tsugumo arrives at the home of Kageyu Saito and asks to commit a ritual suicide on the property, which Saito thinks is a ploy to gain pity and a job. Saito tells Tsugumo of another samurai, Motome Chijiiwa, who threatened suicide as a stratagem, only to be forced to follow through on the task. When Tsugumo reveals that Chijiiwa was his son-in-law, the disclosure sets off a fierce conflict."
18,429,"The Good, the Bad and the Ugly",1967-12-29,27.883,8.4,"Il buono, il brutto, il cattivo","While the Civil War rages between the Union and the Confederacy, three men – a quiet loner, a ruthless hit man and a Mexican bandit – comb the American Southwest in search of a strongbox containing $200,000 in stolen gold."
19,769,GoodFellas,1990-09-19,21.558,8.4,GoodFellas,"The true story of Henry Hill, a half-Irish, half-Sicilian Brooklyn kid who is adopted by neighbourhood gangsters at an early age and climbs the ranks of a Mafia family under the guidance of Jimmy Conway."
20,311,Once Upon a Time in America,1984-06-01,16.024,8.4,Once Upon a Time in America,"A former Prohibition-era Jewish gangster returns to the Lower East Side of Manhattan over thirty years later, where he once again must confront the ghosts and regrets of his old life."
21,389,12 Angry Men,1957-04-10,14.671,8.4,12 Angry Men,"The defense and the prosecution have rested and the jury is filing into the jury room to decide if a young Spanish-American is guilty or innocent of murdering his father. What begins as an open and shut case soon becomes a mini-drama of each of the jurors' prejudices and preconceptions about the trial, the accused, and each other."
22,11216,Cinema Paradiso,2002-06-14,11.353,8.4,Nuovo Cinema Paradiso,"A filmmaker recalls his childhood, when he fell in love with the movies at his village's theater and formed a deep friendship with the theater's projectionist."
23,510,One Flew Over the Cuckoo's Nest,1975-11-18,22.954,8.4,One Flew Over the Cuckoo's Nest,"While serving time for insanity at a state mental hospital, implacable rabble-rouser, Randle Patrick McMurphy, inspires his fellow patients to rebel against the authoritarian rule of head nurse, Mildred Ratched."
24,346,Seven Samurai,1956-11-19,19.628,8.4,七人の侍,"A samurai answers a village's request for protection after he falls on hard times. The town needs protection from bandits, so the samurai gathers six others to help him teach the people how to defend themselves, and the villagers provide the soldiers with food. A giant battle occurs when 40 bandits attack the village."
25,40096,A Dog's Will,2000-09-15,10.253,8.4,O Auto da Compadecida,"The lively João Grilo and the sly Chicó are poor guys living in the hinterland who cheat a bunch of people in a small Northeast Brazil town. But when they die, they have to be judged by Christ, the Devil and the Virgin Mary, before they are admitted to paradise."
26,901,City Lights,1931-03-07,10.515,8.4,City Lights,City Lights is the first silent film that Charlie Chaplin directed after he established himself with sound accompanied films. The film is about a penniless man who falls in love with a flower girl.
27,12477,Grave of the Fireflies,2019-01-01,0.6,8.4,火垂るの墓,"In the final months of World War II, 14-year-old Seita and his sister Setsuko are orphaned when their mother is killed during an air raid in Kobe, Japan. After a falling out with their aunt, they move into an abandoned bomb shelter. With no surviving relatives and their emergency rations depleted, Seita and Setsuko struggle to survive."
28,244786,Whiplash,2014-10-10,38.263,8.4,Whiplash,"Under the direction of a ruthless instructor, a talented young drummer begins to pursue perfection at any cost, even his humanity."
29,598,City of God,2002-08-31,12.459,8.4,Cidade de Deus,"Cidade de Deus is a shantytown that started during the 1960s and became one of Rio de Janeiro’s most dangerous places in the beginning of the 1980s. To tell the story of this place, the movie describes the life of various characters, all seen by the point of view of the narrator, Buscapé. Buscapé was raised in a very violent environment. Despite the feeling that all odds were against him, he finds out that life can be seen with other eyes..."
30,599,Sunset Boulevard,1950-08-10,11.396,8.4,Sunset Boulevard,A hack screenwriter writes a screenplay for a former silent film star who has faded into Hollywood obscurity.
31,432517,Sherlock: The Final Problem,2017-01-15,8.966,8.4,Sherlock: The Final Problem,Long buried secrets finally come to light as someone has been playing a very long game indeed. Sherlock and John face their greatest ever challenge. Is the game finally over?
32,18491,Neon Genesis Evangelion: The End of Evangelion,1997-07-19,13.859,8.4,新世紀エヴァンゲリオン劇場版 THE END OF EVANGELION,"The second of two theatrically released follow-ups to the Neon Genesis Evangelion series. Comprising of two alternate episodes which were first intended to take the place of episodes 25 and 26, this finale answers many of the questions surrounding the series, while also opening up some new possibilities."
33,914,The Great Dictator,1940-10-15,11.03,8.4,The Great Dictator,Dictator Adenoid Hynkel tries to expand his empire while a poor Jewish barber tries to avoid persecution from Hynkel's regime.
34,4935,Howl's Moving Castle,2005-06-10,24.236,8.4,ハウルの動く城,"When Sophie, a shy young woman, is cursed with an old body by a spiteful witch, her only chance of breaking the spell lies with a self-indulgent yet insecure young wizard and his companions in his legged, walking castle."
35,517814,Capernaum,2018-12-14,16.321,8.4,کفرناحوم,"Zain, a 12-year-old boy scrambling to survive on the streets of Beirut, sues his parents for having brought him into such an unjust world, where being a refugee with no documents means that your rights can easily be denied."
36,73,American History X,1998-10-30,18.199,8.4,American History X,"Derek Vineyard is paroled after serving 3 years in prison for killing two thugs who tried to break into/steal his truck. Through his brother, Danny Vineyard's narration, we learn that before going to prison, Derek was a skinhead and the leader of a violent white supremacist gang that committed acts of racial crime throughout L.A. and his actions greatly influenced Danny. Reformed and fresh out of prison, Derek severs contact with the gang and becomes determined to keep Danny from going down the same violent path as he did."
37,3782,Ikiru,1956-03-25,8.939,8.4,生きる,"Mr. Watanabe suddenly finds that he has terminal cancer. He vows to make his final days meaningful. His attempts to communicate his anguish to his son and daughter-in-law lead only to heartbreak. Finally, inspired by an unselfish co-worker, he turns his efforts to bringing happiness to others by building a playground in a dreary slum neighborhood. When the park is finally completed, he is able to face death with peaceful acceptance."
38,299534,Avengers: Endgame,2019-04-26,132.882,8.4,Avengers: Endgame,"After the devastating events of Avengers: Infinity War, the universe is in ruins due to the efforts of the Mad Titan, Thanos. With the help of remaining allies, the Avengers must assemble once more in order to undo Thanos' actions and restore order to the universe once and for all, no matter what consequences may be in store."
39,26451,Investigation of a Citizen Above Suspicion,1970-12-20,7.063,8.4,Indagine su un cittadino al di sopra di ogni sospetto,"A chief of detectives, homicide section, kills his mistress and deliberately leaves clues to prove his own responsibility for the crime."
40,1891,The Empire Strikes Back,1980-05-21,20.164,8.4,The Empire Strikes Back,"The epic saga continues as Luke Skywalker, in hopes of defeating the evil Galactic Empire, learns the ways of the Jedi from aging master Yoda. But Darth Vader is more determined than ever to capture Luke. Meanwhile, rebel leader Princess Leia, cocky Han Solo, Chewbacca, and droids C-3PO and R2-D2 are thrown into various stages of capture, betrayal and despair."
41,313106,Doctor Who: The Day of the Doctor,2013-11-23,7.87,8.4,Doctor Who: The Day of the Doctor,"In 2013, something terrible is awakening in London's National Gallery; in 1562, a murderous plot is afoot in Elizabethan England; and somewhere in space an ancient battle reaches its devastating conclusion. All of reality is at stake as the Doctor's own dangerous past comes back to haunt him."
42,11659,The Best of Youth,2003-08-30,7.58,8.3,La Meglio Gioventú,"Spanning four decades, from the chaotic 1960s to the present, director Marco Tullio Giordana's passionate epic 'La Meglio Gioventu' follows two Italian brothers through some of the most tumultuous events of recent Italian history."
43,128,Princess Mononoke,1999-10-29,22.335,8.3,もののけ姫,"Ashitaka, a prince of the disappearing Ainu tribe, is cursed by a demonized boar god and must journey to the west to find a cure. Along the way, he encounters San, a young human woman fighting to protect the forest, and Lady Eboshi, who is trying to destroy it. Ashitaka must find a way to bring balance to this conflict."
44,207,Dead Poets Society,1989-06-09,17.764,8.3,Dead Poets Society,"At an elite, old-fashioned boarding school in New England, a passionate English teacher inspires his students to rebel against convention and seize the potential of every day, courting the disdain of the stern headmaster."
45,20914,My Friends,1975-08-15,6.89,8.3,Amici miei,"Like in many other Monicelli movies, the main theme of Amici miei is friendship, seen from a rather bitter point of view. It tells the story of four middle-aged friends in Florence who organize together idle pranks (called zingarate, ""gypsy shenanigans"") in a continuous attempt to prolong childhood during their adult life."
46,265177,Mommy,2014-08-29,10.113,8.3,Mommy,"A peculiar neighbor offers hope to a recent widow who is struggling to raise a teenager who is unpredictable and, sometimes, violent."
47,10376,The Legend of 1900,1998-10-28,9.589,8.3,La leggenda del pianista sull'oceano,"The story of a virtuoso piano player who lives his entire life aboard an ocean liner. Born and raised on the ship, 1900 (Tim Roth) learned about the outside world through interactions with passengers, never setting foot on land, even for the love of his life. Years later, the ship may be destroyed, and a former band member fears that 1900 may still be aboard, willing to go down with the ship."
48,290098,The Handmaiden,2016-10-21,13.931,8.3,아가씨,"1930s Korea, in the period of Japanese occupation, a young woman is hired as a handmaiden to a Japanese heiress who lives a secluded life on a large countryside estate with her domineering uncle. But, the maid has a secret: she is a pickpocket recruited by a swindler posing as a Japanese count to help him seduce the heiress to elope with him, rob her of her fortune, and lock her up in a madhouse. The plan seems to proceed according to plan until the women discover some unexpected emotions."
49,797,Persona,1967-03-06,12.305,8.3,Persona,"A young nurse, Alma, is put in charge of Elisabeth Vogler: an actress who is seemingly healthy in all respects, but will not talk. As they spend time together, Alma speaks to Elisabeth constantly, never receiving any answer. Alma eventually confesses her secrets to a seemingly sympathetic Elisabeth and finds that her own personality is being submerged into Elisabeth's persona."
50,895,Andrei Rublev,1966-12-16,11.548,8.3,Андрей Рублёв,"An expansive Russian drama, this film focuses on the life of revered religious icon painter Andrei Rublev. Drifting from place to place in a tumultuous era, the peace-seeking monk eventually gains a reputation for his art. But after Rublev witnesses a brutal battle and unintentionally becomes involved, he takes a vow of silence and spends time away from his work. As he begins to ease his troubled soul, he takes steps towards becoming a painter once again."
51,567,Rear Window,1954-08-04,15.071,8.3,Rear Window,"Professional photographer L.B. ""Jeff"" Jeffries breaks his leg while getting an action shot at an auto race. Confined to his New York apartment, he spends his time looking out of the rear window observing the neighbors. He begins to suspect that a man across the courtyard may have murdered his wife. Jeff enlists the help of his high society fashion-consultant girlfriend Lisa Freemont and his visiting nurse Stella to investigate."
52,975,Paths of Glory,1957-12-25,9.899,8.3,Paths of Glory,"During World War I, commanding officer General Broulard orders his subordinate, General Mireau, to attack a German trench position, offering a promotion as an incentive. Though the mission is foolhardy to the point of suicide, Mireau commands his own subordinate, Colonel Dax, to plan the attack. When it ends in disaster, General Mireau demands the court-martial of three random soldiers in order to save face."
53,18148,Tokyo Story,1972-03-13,11.258,8.3,東京物語,"The elderly Shukishi and his wife, Tomi, take the long journey from their small seaside village to visit their adult children in Tokyo. Their elder son, Koichi, a doctor, and their daughter, Shige, a hairdresser, don't have much time to spend with their aged parents, and so it falls to Noriko, the widow of their younger son who was killed in the war, to keep her in-laws company."
54,423,The Pianist,2002-12-04,14.153,8.3,The Pianist,"The true story of pianist Wladyslaw Szpilman's experiences in Warsaw during the Nazi occupation. When the Jews of the city find themselves forced into a ghetto, Szpilman finds work playing in a café; and when his family is deported in 1942, he stays behind, works for a while as a laborer, and eventually goes into hiding in the ruins of the war-torn city."
55,452522,Twin Peaks,1989-12-31,7.068,8.3,Twin Peaks,"An idiosyncratic FBI agent investigates the murder of a young woman in the even more idiosyncratic town of Twin Peaks. (This standalone version of the series pilot was produced for the European VHS market and has an alternate, closed ending.)"
56,101,Léon: The Professional,1994-11-18,30.217,8.3,Léon,"Léon, the top hit man in New York, has earned a rep as an effective ""cleaner"". But when his next-door neighbors are wiped out by a loose-cannon DEA agent, he becomes the unwilling custodian of 12-year-old Mathilda. Before long, Mathilda's thoughts turn to revenge, and she considers following in Léon's footsteps."
57,37257,Witness for the Prosecution,1957-12-17,10.313,8.3,Witness for the Prosecution,"When Leonard Vole is arrested for the sensational murder of a rich, middle-aged widow, the famous Sir Wilfrid Robarts agrees to appear on his behalf. Sir Wilfrid, recovering from a near-fatal heart attack, is supposed to be on a diet of bland, civil suits—but the lure of the criminal courts is too much for him, especially when the case is so difficult."
58,24382,Big Deal on Madonna Street,1958-06-06,7.573,8.3,I soliti ignoti,"Best friends Peppe and Mario are thieves, but they're not very good at it. Still, Peppe thinks that he's finally devised a master heist that will make them rich. With the help of some fellow criminals, he plans to dig a tunnel from a rented apartment to the pawnshop next door, where they can rob the safe. But his plan is far from foolproof, and the fact that no one in the group has any experience digging tunnels proves to be the least of their problems."
59,807,Se7en,1995-09-22,43.52,8.3,Se7en,"Two homicide detectives are on a desperate hunt for a serial killer whose crimes are based on the ""seven deadly sins"" in this dark and haunting film that takes viewers from the tortured remains of one victim to the next. The seasoned Det. Sommerset researches each sin in an effort to get inside the killer's mind, while his novice partner, Mills, scoffs at his efforts to unravel the case."
60,16672,Woman in the Dunes,1964-10-25,8.962,8.3,砂の女,An entomologist suffers extreme psychological and sexual torture after being taken captive by the residents of a poor seaside village.
61,55960,"Toto, Peppino, and the Hussy",1956-08-14,5.949,8.3,"Totò, Peppino e... la malafemmina","Antonio, Peppino and Lucia are three brothers who live in the country near Naples. Lucia's son, Gianni, goes to Naples to study medicine, but there he knows a ballet dancer. They fall in love and, when she goes to Milan, Gianni follows her. Informed of this and afraid that their nephew will stop studying, the three Caponi brothers leave for Milan to persuade Gianni to come back and continue studying and abandon the ""Malafemmina"" (bad girl)."
62,120,The Lord of the Rings: The Fellowship of the Ring,2001-12-19,36.72,8.3,The Lord of the Rings: The Fellowship of the Ring,"Young hobbit Frodo Baggins, after inheriting a mysterious ring from his uncle Bilbo, must leave his home in order to keep it from falling into the hands of its evil creator. Along the way, a fellowship is formed to protect the ringbearer and make sure that the ring arrives at its final destination: Mt. Doom, the only place where it can be destroyed."
63,398818,Call Me by Your Name,2017-11-24,18.409,8.3,Call Me by Your Name,"Elio Perlman is spending the summer with his family at their vacation home in Lombardy, Italy. When his father hires a handsome doctoral student, the curious 17-year-old finds himself developing a growing attraction to the young man."
64,490132,Green Book,2018-11-16,32.701,8.3,Green Book,"Tony Lip, a bouncer in 1962, is hired to drive pianist Don Shirley on a tour through the Deep South in the days when African Americans, forced to find alternate accommodations and services due to segregation laws below the Mason-Dixon Line, relied on a guide called The Negro Motorist Green Book."
65,24188,Il Sorpasso,1962-12-04,6.876,8.3,Il sorpasso,"Roberto, a shy law student in Rome, meets Bruno, a forty-year-old exuberant, capricious man, who takes him for a drive through the Roman and Tuscany countries in the summer. Along the way, they end up knowing each other and entering each other's lives. A twist at the end puts everything into perspective."
66,3082,Modern Times,1936-02-05,11.026,8.3,Modern Times,The Tramp struggles to live in modern industrial society with the help of a young homeless woman.
67,27205,Inception,2010-07-16,39.526,8.3,Inception,"Cobb, a skilled thief who commits corporate espionage by infiltrating the subconscious of his targets is offered a chance to regain his old life as payment for a task considered to be impossible: ""inception"", the implantation of another person's idea into a target's subconscious."
68,274,The Silence of the Lambs,1991-02-01,4.537,8.3,The Silence of the Lambs,"Clarice Starling is a top student at the FBI's training academy. Jack Crawford wants Clarice to interview Dr. Hannibal Lecter, a brilliant psychiatrist who is also a violent psychopath, serving life behind bars for various acts of murder and cannibalism. Crawford believes that Lecter may have insight into a case and that Starling, as an attractive young woman, may be just the bait to draw him out."
69,299536,Avengers: Infinity War,2018-04-27,81.069,8.3,Avengers: Infinity War,"As the Avengers and their allies have continued to protect the world from threats too large for any one hero to handle, a new danger has emerged from the cosmic shadows: Thanos. A despot of intergalactic infamy, his goal is to collect all six Infinity Stones, artifacts of unimaginable power, and use them to inflict his twisted will on all of reality. Everything the Avengers have fought for has led up to this moment - the fate of Earth and existence itself has never been more uncertain."
70,121,The Lord of the Rings: The Two Towers,2002-12-18,31.148,8.3,The Lord of the Rings: The Two Towers,"Frodo and Sam are trekking to Mordor to destroy the One Ring of Power while Gimli, Legolas and Aragorn search for the orc-captured Merry and Pippin. All along, nefarious wizard Saruman awaits the Fellowship members at the Orthanc Tower in Isengard."
71,378064,A Silent Voice,2017-10-20,17.425,8.3,聲の形,"Shouya Ishida starts bullying the new girl in class, Shouko Nishimiya, because she is deaf. But as the teasing continues, the rest of the class starts to turn on Shouya for his lack of compassion. When they leave elementary school, Shouko and Shouya do not speak to each other again... until an older, wiser Shouya, tormented by his past behaviour, decides he must see Shouko once more. He wants to atone for his sins, but is it already too late...?"
72,12493,High and Low,1963-11-26,10.344,8.3,天国と地獄,An executive of a shoe company becomes a victim of extortion when his chauffeur's son is kidnapped and held for ransom.
73,335,Once Upon a Time in the West,1969-05-28,18.102,8.3,C'era una volta il West,A widow whose land and life are in danger as the railroad is getting closer and closer to taking them over. A mysterious harmonica player joins forces with a desperado to protect the woman and her land.
74,25237,Come and See,1985-12-06,9.59,8.3,Иди и смотри,"The invasion of a village in Byelorussia by German forces sends young Florya into the forest to join the weary Resistance fighters, against his family's wishes. There he meets a girl, Glasha, who accompanies him back to his village. On returning home, Florya finds his family and fellow peasants massacred. His continued survival amidst the brutal debris of war becomes increasingly nightmarish, a battle between despair and hope."
75,455661,In a Heartbeat,2017-06-01,6.926,8.3,In a Heartbeat,A closeted boy runs the risk of being outed by his own heart after it pops out of his chest to chase down the boy of his dreams.
76,1398,Stalker,1979-08-01,12.357,8.3,Сталкер,"Near a gray and unnamed city is the Zone, a place guarded by barbed wire and soldiers, and where the normal laws of physics are victim to frequent anomalies. A stalker guides two men into the Zone, specifically to an area in which deep-seated desires are granted."
77,157336,Interstellar,2014-11-05,64.54,8.2,Interstellar,Interstellar chronicles the adventures of a group of explorers who make use of a newly discovered wormhole to surpass the limitations on human space travel and conquer the vast distances involved in an interstellar voyage.
78,538362,On My Skin,2018-09-12,8.408,8.2,Sulla mia pelle,"The incredible true story behind the most controversial Italian court cases in recent years. Stefano Cucchi was arrested for a minor crime and mysteriously found dead during his detention. In one week's time, a family is changed forever."
79,10098,The Kid,1921-02-06,10.628,8.2,The Kid,"Considered one of Charlie Chaplin's best films, The Kid also made a star of little Jackie Coogan, who plays a boy cared for by The Tramp after he's abandoned, as a newborn, by his mother. The mother later has a change of heart and aches to be reunited with her son."
80,77338,The Intouchables,2011-11-02,14.602,8.2,Intouchables,A true story of two men who should never have met – a quadriplegic aristocrat who was injured in a paragliding accident and a young man from the projects.
81,8587,The Lion King,1994-06-23,35.185,8.2,The Lion King,A young lion cub named Simba can't wait to be king. But his uncle craves the title for himself and will stop at nothing to get it.
82,105,Back to the Future,1985-07-03,21.113,8.2,Back to the Future,"Eighties teenager Marty McFly is accidentally sent back in time to 1955, inadvertently disrupting his parents' first meeting and attracting his mother's romantic interest. Marty must repair the damage to history by rekindling his parents' romance and - with the help of his eccentric inventor friend Doc Brown - return to 1985."
83,339877,Loving Vincent,2017-09-22,14.564,8.2,Loving Vincent,"The film brings the paintings of Vincent van Gogh to life to tell his remarkable story. Every one of the 65,000 frames of the film is an oil-painting hand-painted by 125 professional oil-painters who travelled from all across the world to the Loving Vincent studios in Poland and Greece to be a part of the production. As remarkable as Vincent’s brilliant paintings are his passionate and ill-fated life and mysterious death."
84,406997,Wonder,2017-11-17,18.835,8.2,Wonder,"The story of August Pullman – a boy with facial differences – who enters fifth grade, attending a mainstream elementary school for the first time."
85,284,The Apartment,1960-06-15,11.586,8.2,The Apartment,"Bud Baxter is a minor clerk in a huge New York insurance company, until he discovers a quick way to climb the corporate ladder. He lends out his apartment to the executives as a place to take their mistresses. Although he often has to deal with the aftermath of their visits, one night he's left with a major problem to solve."
86,28,Apocalypse Now,1979-08-15,19.157,8.2,Apocalypse Now,"At the height of the Vietnam war, Captain Benjamin Willard is sent on a dangerous mission that, officially, ""does not exist, nor will it ever exist."" His goal is to locate - and eliminate - a mysterious Green Beret Colonel named Walter Kurtz, who has been leading his personal army on illegal guerrilla missions into enemy territory."
87,5156,Bicycle Thieves,1949-12-12,11.732,8.2,Ladri di biciclette,"Antonio, an unemployed man in the depressed post-WWII economy of Italy, at last finds a good job hanging up posters, the only requirement for which is that he must have his own bicycle. When Antonio’s bicycle is stolen, he and his son are forced to walk the streets of Rome in search of it, or else face ruin."
88,426,Vertigo,1958-05-09,15.301,8.2,Vertigo,"A retired San Francisco detective suffering from acrophobia investigates the strange activities of an old friend's wife, all the while becoming dangerously obsessed with her."
89,470044,The Hate U Give,2018-10-19,16.851,8.2,The Hate U Give,"Raised in a poverty-stricken slum, a 16-year-old girl named Starr now attends a suburban prep school. After she witnesses a police officer shoot her unarmed best friend, she's torn between her two very different worlds as she tries to speak her truth."
90,670,Oldboy,2003-11-21,15.129,8.2,올드보이,"With no clue how he came to be imprisoned, drugged and tortured for 15 years, a desperate businessman seeks revenge on his captors."
91,1585,It's a Wonderful Life,1947-01-07,14.747,8.2,It's a Wonderful Life,"A holiday favourite for generations...  George Bailey has spent his entire life giving to the people of Bedford Falls.  All that prevents rich skinflint Mr. Potter from taking over the entire town is George's modest building and loan company.  But on Christmas Eve the business's $8,000 is lost and George's troubles begin."
92,422,8½,1963-06-24,11.582,8.2,8½,"Guido Anselmi, a film director, finds himself creatively barren at the peak of his career. Urged by his doctors to rest, Anselmi heads for a luxurious resort, but a sorry group gathers—his producer, staff, actors, wife, mistress, and relatives—each one begging him to get on with the show. In retreat from their dependency, he fantasizes about past women and dreams of his childhood."
93,629,The Usual Suspects,1995-08-16,15.84,8.2,The Usual Suspects,"Held in an L.A. interrogation room, Verbal Kint attempts to convince the feds that a mythic crime lord, Keyser Soze, not only exists, but was also responsible for drawing him and his four partners into a multi-million dollar heist that ended with an explosion in San Pedro harbor – leaving few survivors. Verbal lures his interrogators with an incredible story of the crime lord's almost supernatural prowess."
94,490,The Seventh Seal,1958-10-13,9.961,8.2,Det sjunde inseglet,"When disillusioned Swedish knight Antonius Block returns home from the Crusades to find his country in the grips of the Black Death, he challenges Death to a chess match for his life. Tormented by the belief that God does not exist, Block sets off on a journey, meeting up with traveling players Jof and his wife, Mia, and becoming determined to evade Death long enough to commit one redemptive act while he still lives."
95,992,"Sherlock, Jr.",1924-04-21,8.874,8.2,"Sherlock, Jr.","A film projectionist longs to be a detective, and puts his meagre skills to work when he is framed by a rival for stealing his girlfriend's father's pocketwatch."
96,411088,The Invisible Guest,2016-09-22,23.942,8.2,Contratiempo,"A young businessman wakes up in a hotel room, locked from the inside, along with his lover, who was murdered while he was unconscious. He hires a prestigious lawyer, and over the course of one evening, they must work together to build a defense case for him before he is taken to jail."
97,38288,I Corti,1996-01-01,6.847,8.2,I Corti,"The shorts of Aldo , Giovanni &amp; Giacomo was the first theatrical show of the trio of comedians Aldo , Giovanni &amp; Giacomo , with the participation of Marina Massironi .  The show is the son of the fortunate trio 's holdings in television as Mai dire Gol, and shows such as The Circus by Paolo Rossi and on the head !  The short was recorded live at the Teatro Nuovo in Ferrara on 28 and 29 March 1996. Produced by Agidi , the theater director is entrusted to the change artist Arturo Brachetti ."
98,19,Metropolis,2010-04-25,13.847,8.2,Metropolis,"In a futuristic city sharply divided between the working class and the city planners, the son of the city's mastermind falls in love with a working class prophet who predicts the coming of a savior to mediate their differences."
99,110420,Wolf Children,2013-11-26,15.266,8.2,おおかみこどもの雨と雪,"After her werewolf lover unexpectedly dies in an accident, a woman must find a way to raise the son and daughter that she had with him. However, their inheritance of their father's traits prove to be a challenge for her."
100,694,The Shining,1980-05-23,20.966,8.2,The Shining,"Jack Torrance accepts a caretaker job at the Overlook Hotel, where he, along with his wife Wendy and their son Danny, must live isolated from the rest of the world for the winter. But they aren't prepared for the madness that lurks within."
101,705,All About Eve,2000-10-06,11.958,8.2,All About Eve,"From the moment she glimpses her idol at the stage door, Eve Harrington is determined to take the reins of power away from the great actress Margo Channing. Eve maneuvers her way into Margo's Broadway role, becomes a sensation and even causes turmoil in the lives of Margo's director boyfriend, her playwright and his wife. Only the cynical drama critic sees through Eve, admiring her audacity and perfect pattern of deceit."
102,77,Memento,2001-03-16,19.973,8.2,Memento,"Leonard Shelby is tracking down the man who raped and murdered his wife. The difficulty of locating his wife's killer, however, is compounded by the fact that he suffers from a rare, untreatable form of short-term memory loss. Although he can recall details of life before his accident, Leonard cannot remember what happened fifteen minutes ago, where he's going, or why."
103,429210,Bingo: The King of the Mornings,2017-08-24,6.347,8.2,Bingo - O Rei das Manhãs,"1980s. Brazilian television exploding in color and auditorium programs not so politically correct. In the middle of this fervor, Augusto Mendes, a young rising actor, seeks his place in the sun. From porn studios to soap operas, he finally finds success and fame when he becomes ""Bingo"", a TV host clown from one of the audience leader TV shows for children. It turns out that behind the rice powder and red nose, nobody knows who he is."
104,11,Star Wars,1977-05-25,35.382,8.2,Star Wars,Princess Leia is captured and held hostage by the evil Imperial forces in their effort to take over the galactic Empire. Venturesome Luke Skywalker and dashing captain Han Solo team together with the loveable robot duo R2-D2 and C-3PO to rescue the beautiful princess and restore peace and justice in the Empire.
105,282848,Doctor Who: The Time of the Doctor,2013-12-25,6.23,8.2,Doctor Who: The Time of the Doctor,"Orbiting a quiet backwater planet, the massed forces of the universe's deadliest species gather, drawn to a mysterious message that echoes out to the stars. And amongst them, the Doctor. Rescuing Clara from a family Christmas dinner, the Time Lord and his best friend must learn what this enigmatic signal means for his own fate and that of the universe."
106,185,A Clockwork Orange,1971-12-18,21.492,8.2,A Clockwork Orange,"In a near-future Britain, young Alexander DeLarge and his pals get their kicks beating and raping anyone they please. When not destroying the lives of others, Alex swoons to the music of Beethoven. The state, eager to crack down on juvenile crime, gives an incarcerated Alex the option to undergo an invasive procedure that'll rob him of all personal agency. In a time when conscience is a commodity, can Alex change his tune?"
107,239,Some Like It Hot,1959-03-18,16.332,8.2,Some Like It Hot,"Two musicians witness a mob hit and struggle to find a way out of the city before they are found by the gangsters. Their only opportunity is to join an all-girl band as they leave on a tour. To make their getaway they must first disguise themselves as women, then keep their identities secret and deal with the problems this brings - such as an attractive bandmate and a very determined suitor."
108,996,Double Indemnity,1944-04-24,12.999,8.2,Double Indemnity,"A rich woman and a calculating insurance agent plot to kill her unsuspecting husband after he signs a double indemnity policy.  Against a backdrop of distinctly Californian settings, the partners in crime plan the perfect murder to collect the insurance, which pays  double if the death is accidental."
109,548,Rashomon,1950-12-26,11.694,8.2,羅生門,"Brimming with action while incisively examining the nature of truth, ""Rashomon"" is perhaps the finest film ever to investigate the philosophy of justice. Through an ingenious use of camera and flashbacks, Kurosawa reveals the complexities of human nature as four people recount different versions of the story of a man's murder and the rape of his wife."
110,19542,The Red Shoes,1948-09-06,7.633,8.2,The Red Shoes,"In this classic drama, Vicky Page is an aspiring ballerina torn between her dedication to dance and her desire to love. While her imperious instructor, Boris Lermontov, urges to her to forget anything but ballet, Vicky begins to fall for the charming young composer Julian Craster. Eventually Vicky, under great emotional stress, must choose to pursue either her art or her romance, a decision that carries serious consequences."
111,92321,Hotarubi no Mori e,2012-06-30,0.6,8.2,蛍火の杜へ,"One hot summer day a little girl gets lost in an enchanted forest of the mountain god where spirits reside. A young boy appears before her, but she cannot touch him for fear of making him disappear. And so a wondrous adventure awaits..."
112,399106,Piper,2016-06-17,9.139,8.2,Piper,"A mother bird tries to teach her little one how to find food by herself. In the process, she encounters a traumatic experience that she must overcome in order to survive."
113,28422,Love Exposure,2008-11-29,9.353,8.2,愛のむきだし,"The story of a teenage boy named Yu, who falls for Yoko, a girl he runs into while working as an `up-skirt' photographer in an offshoot of the porn industry. His attempts to woo her are complicated by a spot of cross-dressing - which convinces Yoko that she is lesbian - dalliances with kung-fu and crime, and a constant struggle with the guilt that's a legacy of his Catholic upbringing."
114,10494,Perfect Blue,1999-08-20,12.824,8.2,PERFECT BLUE,A retired pop singer turned actress' sense of reality is shaken when she is stalked by an obsessed fan and seemingly a ghost of her past.
115,9764,Dersu Uzala,1977-12-20,8.413,8.2,Дерсу Узала,"A military explorer meets and befriends a Goldi man in Russia’s unmapped forests. A deep and abiding bond evolves between the two men, one civilized in the usual sense, the other at home in the glacial Siberian woods."
116,103,Taxi Driver,1976-02-08,16.987,8.2,Taxi Driver,"A mentally unstable Vietnam War veteran works as a night-time taxi driver in New York City where the perceived decadence and sleaze feeds his urge for violent action, attempting to save a preadolescent prostitute in the process."
117,354912,Coco,2017-11-22,33.845,8.2,Coco,"Despite his family’s baffling generations-old ban on music, Miguel dreams of becoming an accomplished musician like his idol, Ernesto de la Cruz. Desperate to prove his talent, Miguel finds himself in the stunning and colorful Land of the Dead following a mysterious chain of events. Along the way, he meets charming trickster Hector, and together, they set off on an extraordinary journey to unlock the real story behind Miguel's family history."
118,780,The Passion of Joan of Arc,1929-03-28,9.022,8.2,La passion de Jeanne d'Arc,"A classic of the silent age, this film tells the story of the doomed but ultimately canonized 15th-century teenage warrior. On trial for claiming she'd spoken to God, Jeanne d'Arc is subjected to inhumane treatment and scare tactics at the hands of church court officials. Initially bullied into changing her story, Jeanne eventually opts for what she sees as the truth. Her punishment, a famously brutal execution, earns her perpetual martyrdom."
119,14696,Ugetsu,1954-09-07,9.248,8.2,雨月物語,"In 16th century Japan, peasants Genjuro and Tobei sell their earthenware pots to a group of soldiers in a nearby village, in defiance of a local sage's warning against seeking to profit from warfare. Genjuro's pursuit of both riches and the mysterious Lady Wakasa, as well as Tobei's desire to become a samurai, run the risk of destroying both themselves and their wives, Miyagi and Ohama."
120,359940,"Three Billboards Outside Ebbing, Missouri",2017-11-10,19.102,8.2,"Three Billboards Outside Ebbing, Missouri","After seven months have passed without a culprit in her daughter's murder case, Mildred Hayes makes a bold move, painting three signs leading into her town with a controversial message directed at Bill Willoughby, the town's revered chief of police. When his second-in-command Officer Jason Dixon, an immature mother's boy with a penchant for violence, gets involved, the battle between Mildred and Ebbing's law enforcement is only exacerbated."
121,1124,The Prestige,2006-10-19,17.56,8.2,The Prestige,"A mysterious story of two magicians whose intense rivalry leads them on a life-long battle for supremacy -- full of obsession, deceit and jealousy with dangerous and deadly consequences."
122,334543,Lion,2016-11-25,25.919,8.2,Lion,"A five-year-old Indian boy gets lost on the streets of Calcutta, thousands of kilometers from home. He survives many challenges before being adopted by a couple in Australia; 25 years later, he sets out to find his lost family."
123,500,Reservoir Dogs,1992-10-23,23.919,8.2,Reservoir Dogs,"A botched robbery indicates a police informant, and the pressure mounts in the aftermath at a warehouse. Crime begets violence as the survivors -- veteran Mr. White, newcomer Mr. Orange, psychopathic parolee Mr. Blonde, bickering weasel Mr. Pink and Nice Guy Eddie -- unravel."
124,527641,Five Feet Apart,2019-03-15,30.455,8.2,Five Feet Apart,"Seventeen-year-old Stella spends most of her time in the hospital as a cystic fibrosis patient. Her life is full of routines, boundaries and self-control -- all of which get put to the test when she meets Will, an impossibly charming teen who has the same illness. There's an instant flirtation, though restrictions dictate that they must maintain a safe distance between them. As their connection intensifies, so does the temptation to throw the rules out the window and embrace that attraction."
125,935,Dr. Strangelove or: How I Learned to Stop Worrying and Love the Bomb,1964-01-29,14.294,8.1,Dr. Strangelove or: How I Learned to Stop Worrying and Love the Bomb,"After the insane General Jack D. Ripper initiates a nuclear strike on the Soviet Union, a war room full of politicians, generals and a Russian diplomat all frantically try to stop the nuclear strike."
126,449176,"Love, Simon",2018-03-16,21.946,8.1,"Love, Simon",Everyone deserves a great love story. But for seventeen-year old Simon Spier it's a little more complicated: he's yet to tell his family or friends he's gay and he doesn't know the identity of the anonymous classmate he's fallen for online.
127,11878,Yojimbo,1961-09-13,10.307,8.1,用心棒,"A nameless ronin, or samurai with no master, enters a small village in feudal Japan where two rival businessmen are struggling for control of the local gambling trade. Taking the name Sanjuro Kuwabatake, the ronin convinces both silk merchant Tazaemon and sake merchant Tokuemon to hire him as a personal bodyguard, then artfully sets in motion a full-scale gang war between the two ambitious and unscrupulous men."
128,833,Umberto D.,1952-11-07,7.028,8.1,Umberto D.,"When elderly pensioner Umberto Domenico Ferrari returns to his boarding house from a protest calling for a hike in old-age pensions, his landlady demands her 15,000-lire rent by the end of the month or he and his small dog will be turned out onto the street. Unable to get the money in time, Umberto fakes illness to get sent to a hospital, giving his beloved dog to the landlady's pregnant and abandoned maid for temporary safekeeping."
129,28978,The Circus,1928-01-06,8.549,8.1,The Circus,"Charlie, a wandering tramp, becomes a circus handyman and falls in love with the circus owner's daughter. Unaware of Charlie's affection, the girl falls in love with a handsome young performer. Charlie's versatility makes him star of the show when he substitutes for an ailing tightwire walker. He is discharged from the company when he protects the girl from her father's abuse, but he returns and appeals to the handsome performer to marry the girl. After the wedding the father prevails upon them to rejoin the circus. Charlie is hired again, but he stays behind when the caravan moves on."
130,8392,My Neighbor Totoro,2018-12-11,33.925,8.1,となりのトトロ,"Two sisters move to the country with their father in order to be closer to their hospitalized mother, and discover the surrounding trees are inhabited by Totoros, magical spirits of the forest. When the youngest runs away from home, the older sister seeks help from the spirits to find her."
131,50014,The Help,2011-08-10,12.218,8.1,The Help,"Aibileen Clark is a middle-aged African-American maid who has spent her life raising white children and has recently lost her only son; Minny Jackson is an African-American maid who has often offended her employers despite her family's struggles with money and her desperate need for jobs; and Eugenia ""Skeeter"" Phelan is a young white woman who has recently moved back home after graduating college to find out her childhood maid has mysteriously disappeared. These three stories intertwine to explain how life in Jackson, Mississippi revolves around ""the help""; yet they are always kept at a certain distance because of racial lines."
132,832,M,1933-05-14,12.62,8.1,M - Eine Stadt sucht einen Mörder,"In this classic German thriller, Hans Beckert, a serial killer who preys on children, becomes the focus of a massive Berlin police manhunt. Beckert's heinous crimes are so repellant and disruptive to city life that he is even targeted by others in the seedy underworld network. With both cops and criminals in pursuit, the murderer soon realizes that people are on his trail, sending him into a tense, panicked attempt to escape justice."
133,872,Singin' in the Rain,1952-04-10,12.817,8.1,Singin' in the Rain,"In 1927 Hollywood, a silent film production company and cast make a difficult transition to sound."
134,961,The General,1927-01-15,10.144,8.1,The General,"During America’s Civil War Union spies steal engineer Johnnie Gray's beloved locomotive The General - his lady love, Annabelle Lee, aboard an attached boxcar - and he single-handedly must do all in his power to both get The General back and to rescue Annabelle. Released throughout most of the world in 1927, this Silent comedy-action film flopped when originally released, but now is regarded as one of the great American motion pictures. The story is based on actual historic events."
135,654,On the Waterfront,1954-07-28,11.412,8.1,On the Waterfront,"Terry Malloy dreams about being a prize fighter, while tending his pigeons and running errands at the docks for Johnny Friendly, the corrupt boss of the dockers union. Terry witnesses a murder by two of Johnny's thugs, and later meets the dead man's sister and feels responsible for his death. She introduces him to Father Barry, who tries to force him to provide information for the courts that will smash the dock racketeers."
136,1396,Mirror,1975-11-11,12.186,8.1,Зеркало,"A dying man in his forties recalls his childhood, his mother, the war and personal moments that tell of and juxtapose pivotal moments in Soviet history with daily life."
137,16869,Inglourious Basterds,2009-08-21,28.406,8.1,Inglourious Basterds,"In Nazi-occupied France during World War II, a group of Jewish-American soldiers known as ""The Basterds"" are chosen specifically to spread fear throughout the Third Reich by scalping and brutally killing Nazis. The Basterds, lead by Lt. Aldo Raine soon cross paths with a French-Jewish teenage girl who runs a movie theater in Paris which is targeted by the soldiers."
138,655,"Paris, Texas",1984-11-02,10.929,8.1,"Paris, Texas","A man wanders out of the desert not knowing who he is. His brother finds him, and helps to pull his memory back of the life he led before he walked out on his family and disappeared four years earlier."
139,614,Wild Strawberries,1957-12-26,10.202,8.1,Smultronstället,"Crotchety retired doctor Isak Borg travels from Stockholm to Lund, Sweden, with his pregnant and unhappy daughter-in-law, Marianne, in order to receive an honorary degree from his alma mater. Along the way, they encounter a series of hitchhikers, each of whom causes the elderly doctor to muse upon the pleasures and failures of his own life. These include the vivacious young Sara, a dead ringer for the doctor's own first love."
140,1422,The Departed,2006-10-05,19.425,8.1,The Departed,"To take down South Boston's Irish Mafia, the police send in one of their own to infiltrate the underworld, not realizing the syndicate has done likewise. While an undercover cop curries favor with the mob kingpin, a career criminal rises through the police ranks. But both sides soon discover there's a mole among them."
141,264644,Room,2015-10-16,16.585,8.1,Room,Jack is a young boy of 5 years old who has lived all his life in one room. He believes everything within it are the only real things in the world. But what will happen when his Ma suddenly tells him that there are other things outside of Room?
142,437068,A Taxi Driver,2017-08-02,8.136,8.1,택시운전사,"May, 1980. Man-seob is a taxi driver in Seoul who lives from hand to mouth, raising his young daughter alone. One day, he hears that there is a foreigner who will pay big money for a drive down to Gwangju city. Not knowing that he’s a German journalist with a hidden agenda, Man-seob takes the job."
143,307,"Rome, Open City",1946-02-25,8.655,8.1,Roma città aperta,"ROME, OPEN CITY is a landmark in film history. Filmed in secrecy during the Nazi occupation of Italy, the film shows a realistic portrayal of the underground resistance in Italy in 1945. The film has strong impacting imagery with its mix of fiction and reality that strengthened Italian Neo-realism and the film industry."
144,98,Gladiator,2000-05-01,26.312,8.1,Gladiator,"In the year 180, the death of emperor Marcus Aurelius throws the Roman Empire into chaos.  Maximus is one of the Roman army's most capable and trusted generals and a key advisor to the emperor.  As Marcus' devious son Commodus ascends to the throne, Maximus is set to be executed.  He escapes, but is captured by slave traders.  Renamed Spaniard and forced to become a gladiator, Maximus must battle to the death with other men for the amusement of paying audiences."
145,110416,Song of the Sea,2014-12-19,10.727,8.1,Song of the Sea,"The story of the last Seal Child’s journey home. After their mother’s disappearance, Ben and Saoirse are sent to live with Granny in the city. When they resolve to return to their home by the sea, their journey becomes a race against time as they are drawn into a world Ben knows only from his mother’s folktales. But this is no bedtime story; these fairy folk have been in our world far too long. It soon becomes clear to Ben that Saoirse is the key to their survival."
146,439,La Dolce Vita,1961-04-19,11.517,8.1,La dolce vita,Episodic journey of an Italian journalist scouring Rome in search of love.
147,111,Scarface,1983-12-08,22.193,8.1,Scarface,"After getting a green card in exchange for assassinating a Cuban government official, Tony Montana stakes a claim on the drug trade in Miami. Viciously murdering anyone who stands in his way, Tony eventually becomes the biggest drug lord in the state, controlling nearly all the cocaine that comes through Miami. But increased pressure from the police, wars with Colombian drug cartels and his own drug-fueled paranoia serve to fuel the flames of his eventual downfall."
148,149871,The Tale of the Princess Kaguya,2014-10-17,10.354,8.1,かぐや姫の物語,"Found inside a shining stalk of bamboo by an old bamboo cutter and his wife, a tiny girl grows rapidly into an exquisite young lady. The mysterious young princess enthralls all who encounter her - but ultimately she must confront her fate, the punishment for her crime."
149,147,The 400 Blows,1959-05-04,11.649,8.1,Les Quatre Cents Coups,"For young Parisian boy Antoine Doinel, life is one difficult situation after another. Surrounded by inconsiderate adults, including his neglectful parents, Antoine spends his days with his best friend, Rene, trying to plan for a better life. When one of their schemes goes awry, Antoine ends up in trouble with the law, leading to even more conflicts with unsympathetic authority figures."
150,2517,Nobody Knows,2004-08-07,8.477,8.1,誰も知らない,"In a small Tokyo apartment, twelve-year-old Akira must care for his younger siblings after their mother leaves them and shows no sign of returning."
151,3090,The Treasure of the Sierra Madre,1948-01-24,13.19,8.1,The Treasure of the Sierra Madre,"Fred C. Dobbs and Bob Curtin, both down on their luck in Tampico, Mexico in 1925, meet up with a grizzled prospector named Howard and decide to join with him in search of gold in the wilds of central Mexico. Through enormous difficulties, they eventually succeed in finding gold, but bandits, the elements, and most especially greed threaten to turn their success into disaster."
152,29264,The Exterminating Angel,1963-09-10,6.642,8.1,El ángel exterminador,"After a lavish dinner party, the guests find themselves mysteriously unable to leave the room."
153,289,Casablanca,1942-11-26,14.618,8.1,Casablanca,"In Casablanca, Morocco in December 1941, a cynical American expatriate meets a former lover, with unforeseen complications."
154,237791,The Way He Looks,2014-11-07,7.482,8.1,Hoje Eu Quero Voltar Sozinho,"Leonardo is a blind teenager dealing with an overprotective mother while trying to live a more independent life. To the disappointment of his best friend, Giovana, he plans to go on an exchange program abroad. When Gabriel, a new student in town, arrives at their classroom, new feelings blossom in Leonardo making him question his plans."
155,505262,My Hero Academia: Two Heroes,2018-09-25,12.48,8.1,僕のヒーローアカデミア THE MOVIE ～2人の英雄（ヒーロー）～,"All Might and Deku accept an invitation to go abroad to a floating and mobile manmade city, called 'I Island', where they research quirks as well as hero supplemental items at the special 'I Expo' convention that is currently being held on the island. During that time, suddenly, despite an iron wall of security surrounding the island, the system is breached by a villain, and the only ones able to stop him are the students of Class 1-A."
156,498249,Bad Seeds,2018-11-21,7.019,8.1,Mauvaises herbes,"Wael, a former street child, makes a living from small scams with his adoptive mother and partner-in-crime Monique. When this unconventional duo swindles the wrong guy, Victor, an old acquaintance of Monique now in charge of a support organization for troubled teens, they have no choice but to become his interim secretary and educator in order to redeem themselves."
157,100,"Lock, Stock and Two Smoking Barrels",1999-03-05,8.366,8.1,"Lock, Stock and Two Smoking Barrels",A card shark and his unwillingly-enlisted friends need to make a lot of cash quick after losing a sketchy poker match. To do this they decide to pull a heist on a small-time gang who happen to be operating out of the flat next door.
158,10242,What Ever Happened to Baby Jane?,1962-10-31,10.927,8.1,What Ever Happened to Baby Jane?,"Two aging film actresses live as virtual recluses in an old Hollywood mansion. Jane Hudson, a successful child star, cares for her crippled sister Blanche, whose career in later years eclipsed that of Jane. Now the two live together, their relationship affected by simmering subconscious thoughts of mutual envy, hate and revenge."
159,11645,Ran,1985-09-26,11.133,8.1,乱,"With Ran, legendary director Akira Kurosawa reimagines Shakespeare's King Lear as a singular historical epic set in sixteenth-century Japan. Majestic in scope, the film is Kurosawa's late-life masterpiece, a profound examination of the folly of war and the crumbling of one family under the weight of betrayal, greed, and the insatiable thirst for power."
160,11324,Shutter Island,2010-02-18,21.208,8.1,Shutter Island,"World War II soldier-turned-U.S. Marshal Teddy Daniels investigates the disappearance of a patient from a hospital for the criminally insane, but his efforts are compromised by his troubling visions and also by a mysterious doctor."
161,360814,Dangal,2016-12-21,11.46,8.1,दंगल,"Dangal is an extraordinary true story based on the life of Mahavir Singh and his two daughters, Geeta and Babita Phogat. The film traces the inspirational journey of a father who trains his daughters to become world class wrestlers."
162,158445,Miracle in Cell No. 7,2013-01-23,8.537,8.1,7번방의 선물,A story about a mentally ill man wrongfully accused of murder and his relationship with his lovingly adorable 6 year old daughter.
163,857,Saving Private Ryan,1998-07-24,27.806,8.1,Saving Private Ryan,"As U.S. troops storm the beaches of Normandy, three brothers lie dead on the battlefield, with a fourth trapped behind enemy lines. Ranger captain John Miller and seven men are tasked with penetrating German-held territory and bringing the boy home."
164,600,Full Metal Jacket,1987-06-26,15.567,8.1,Full Metal Jacket,A pragmatic U.S. Marine observes the dehumanizing effects the U.S.-Vietnam War has on his fellow recruits from their brutal boot camp training to the bloody street fighting in Hue.
165,489,Good Will Hunting,1997-12-05,13.277,8.1,Good Will Hunting,"Will Hunting has a genius-level IQ but chooses to work as a janitor at MIT. When he solves a difficult graduate-level math problem, his talents are discovered by Professor Gerald Lambeau, who decides to help the misguided youth reach his potential. When Will is arrested for attacking a police officer, Professor Lambeau makes a deal to get leniency for him if he will get treatment from therapist Sean Maguire."
166,564427,Minha Vida em Marte,2018-12-27,5.503,8.1,Minha Vida em Marte,
167,12445,Harry Potter and the Deathly Hallows: Part 2,2011-07-15,31.223,8.1,Harry Potter and the Deathly Hallows: Part 2,"Harry, Ron and Hermione continue their quest to vanquish the evil Voldemort once and for all. Just as things begin to look hopeless for the young wizards, Harry discovers a trio of magical objects that endow him with powers to rival Voldemort's formidable skills."
168,92060,Michael Jackson's Thriller,1983-11-14,5.453,8.1,Michael Jackson's Thriller,A night at the movies turns into a nightmare when Michael and his date are attacked by a hoard of bloody-thirsty zombies.
169,843,In the Mood for Love,2000-05-22,16.757,8.1,花樣年華,"Taking place in Hong Kong of 1962, a melancholy story about the love between a woman and a man who live in the same building and one day find out that their husband and wife had an affair with each other."
170,603,The Matrix,1999-03-30,44.144,8.1,The Matrix,"Set in the 22nd century, The Matrix tells the story of a computer hacker who joins a group of underground insurgents fighting the vast and powerful computers who now rule the earth."
171,324786,Hacksaw Ridge,2016-11-04,23.652,8.1,Hacksaw Ridge,"WWII American Army Medic Desmond T. Doss, who served during the Battle of Okinawa, refuses to kill people and becomes the first Conscientious Objector in American history to receive the Congressional Medal of Honor."
172,11712,Sanjuro,1963-05-07,9.052,8.1,椿三十郎,"Toshiro Mifune swaggers and snarls to brilliant comic effect in Kurosawa's tightly paced, beautifully composed ""Sanjuro."" In this companion piece and sequel to ""Yojimbo,"" jaded samurai Sanjuro helps an idealistic group of young warriors weed out their clan's evil influences, and in the process turns their image of a proper samurai on its ear."
173,7345,There Will Be Blood,2007-12-28,13.221,8.1,There Will Be Blood,"Ruthless silver miner, turned oil prospector, Daniel Plainview moves to oil-rich California. Using his adopted son to project a trustworthy, family-man image, Plainview cons local landowners into selling him their valuable properties for a pittance. However, local preacher Eli Sunday suspects Plainviews motives and intentions, starting a slow-burning feud that threatens both their lives."
174,11104,Chungking Express,1994-09-15,13.065,8.1,重慶森林,"Two melancholy Hong Kong policemen fall in love: one with a mysterious female underworld figure, the other with a beautiful and ethereal server at a late-night restaurant he frequents."
175,30588,Monsieur Verdoux,1947-04-11,7.517,8.1,Monsieur Verdoux,"The film is about an unemployed banker, Henri Verdoux, and his sociopathic methods of attaining income. While being both loyal and competent in his work, Verdoux has been laid-off. To make money for his wife and child, he marries wealthy widows and then murders them. His crime spree eventually works against him when two particular widows break his normal routine."
176,46738,Incendies,2010-09-04,9.439,8.1,Incendies,"A mother's last wishes send twins Jeanne and Simon on a journey to Middle East in search of their tangled roots. Adapted from Wajdi Mouawad's acclaimed play, Incendies tells the powerful and moving tale of two young adults' voyage to the core of deep-rooted hatred, never-ending wars and enduring love."
177,11423,Memories of Murder,2003-04-24,10.775,8.1,살인의 추억,"1986 Gyunggi Province. The body of a young woman is found brutally raped and murdered. Two months later, a series of rapes and murders commences under similar circumstances. And in a country that had never known such crimes, the dark whispers about a serial murderer grow louder. A special task force is set up in the area, with two local detectives Park Doo-Man and Jo Young-Goo joined by a detective from Seoul who requested to be assigned to the case."
178,491480,The Boy Who Harnessed the Wind,2019-03-01,9.703,8.1,The Boy Who Harnessed the Wind,"Against all the odds, a thirteen year old boy in Malawi invents an unconventional way to save his family and village from famine."
179,1394,Nostalgia,1983-10-05,7.517,8.1,Nostalghia,"The Russian poet Andrei Gorchakov, accompanied by guide and translator Eugenia, is traveling through Italy researching the life of an 18th-century Russian composer. In an ancient spa town, he meets the lunatic Domenico, who years earlier had imprisoned his own family in his house for seven years to save them from the evils of the world. Seeing some deep truth in Domenico's act, Andrei becomes drawn to him. In a series of dreams, the poet's nostalgia for his homeland and his longing for his wife, his ambivalent feelings for Eugenia and Italy, and his sense of kinship with Domenico become intertwined."
180,9277,The Sting,1973-12-25,12.387,8.1,The Sting,Set in the 1930s this intricate caper deals with an ambitious small-time crook and a veteran con man who seek revenge on a vicious crime lord who murdered one of their gang.
181,160885,Tel chi el telùn,2009-03-01,5.335,8.1,Tel chi el telùn,
182,205596,The Imitation Game,2014-12-19,27.206,8.1,The Imitation Game,"Based on the real life story of legendary cryptanalyst Alan Turing, the film portrays the nail-biting race against time by Turing and his brilliant team of code-breakers at Britain's top-secret Government Code and Cypher School at Bletchley Park, during the darkest days of World War II."
183,582,The Lives of Others,2006-06-06,10.399,8.1,Das Leben der Anderen,A tragic love story set in East Berlin with the backdrop of an undercover Stasi controlled culture. Stasi captain Wieler is ordered to follow author Dreyman and plunges deeper and deeper into his life until he reaches the threshold of doubting the system.
184,1092,The Third Man,1950-02-02,12.686,8.1,The Third Man,"In postwar Vienna, Austria, Holly Martins, a writer of pulp Westerns, arrives penniless as a guest of his childhood chum Harry Lime, only to learn he has died. Martins develops a conspiracy theory after learning of a ""third man"" present at the time of Harry's death, running into interference from British officer Major Calloway, and falling head-over-heels for Harry's grief-stricken lover, Anna."
185,348,Alien,1979-05-25,26.083,8.1,Alien,"During its return to the earth, commercial spaceship Nostromo intercepts a distress signal from a distant planet. When a three-member team of the crew discovers a chamber containing thousands of eggs on the planet, a creature inside one of the eggs attacks an explorer. The entire crew is unaware of the impending nightmare set to descend upon them when the alien parasite planted inside its unfortunate host is birthed."
186,38,Eternal Sunshine of the Spotless Mind,2004-03-19,16.802,8.1,Eternal Sunshine of the Spotless Mind,"Joel Barish, heartbroken that his girlfriend underwent a procedure to erase him from her memory, decides to do the same. However, as he watches his memories of her fade away, he realises that he still loves her, and may be too late to correct his mistake."
187,15,Citizen Kane,1941-05-01,13.234,8.1,Citizen Kane,"Newspaper magnate, Charles Foster Kane is taken from his mother as a boy and made the ward of a rich industrialist. As a result, every well-meaning, tyrannical or self-destructive move he makes for the rest of his life appears in some way to be a reaction to that deeply wounding event."
188,19426,Nights of Cabiria,1957-12-31,9.702,8.1,Le notti di Cabiria,"Rome, 1957. A woman, Cabiria, is robbed and left to drown by her boyfriend, Giorgio. Rescued, she resumes her life and tries her best to find happiness in a cynical world. Even when she thinks her struggles are over and she has found happiness and contentment, things may not be what they seem."
189,1059,The Hidden Fortress,1958-12-28,9.871,8.1,隠し砦の三悪人,"Japanese peasants Matashichi and Tahei try and fail to make a profit from a tribal war. They find a man and woman whom they believe are simple tribe members hiding in a fortress. Although the peasants don't know that Rokurota is a general and Yuki is a princess, the peasants agree to accompany the pair to safety in return for gold. Along the way, the general must prove his expertise in battle while also hiding his identity."
190,1955,The Elephant Man,1980-10-03,9.863,8.1,The Elephant Man,"A Victorian surgeon rescues a heavily disfigured man being mistreated by his ""owner"" as a side-show freak. Behind his monstrous façade, there is revealed a person of great intelligence and sensitivity. Based on the true story of Joseph Merrick (called John Merrick in the film), a severely deformed man in 19th century London."
191,81481,Silenced,2011-09-22,7.891,8.1,도가니,"Based on actual events that took place at Gwangju Inhwa School for the hearing-impaired, where young deaf students were the victims of repeated sexual assaults by faculty members over a period of five years in the early 2000s."
192,140420,Paperman,2012-11-02,9.837,8.1,Paperman,An urban office worker finds that paper airplanes are instrumental in meeting a girl in ways he never expected.
193,18438,Castaway on the Moon,2010-02-05,5.898,8.1,김씨 표류기,"Mr. Kim is jobless, lost in debt and has been dumped by his girlfriend. He decides to end it all by jumping into the Han River - only to find himself washed up on a small, mid-river island. He soon abandons thoughts of suicide or rescue and begins a new life as a castaway. His antics catch the attention of a young woman whose apartment overlooks the river. Her discovery changes both their lives."
194,387,Das Boot,1982-02-10,14.669,8.1,Das Boot,"A German submarine hunts allied ships during the Second World War, but it soon becomes the hunted. The crew tries to survive below the surface, while stretching both the boat and themselves to their limits."
195,310569,The Second Mother,2015-08-28,7.88,8.1,Que Horas Ela Volta?,"After leaving her daughter Jessica in a small town in Pernambuco to be raised by relatives, Val spends the next 13 years working as a nanny to Fabinho in São Paulo. She has financial stability but has to live with the guilt of having not raised Jessica herself. As Fabinho’s university entrance exams approach, Jessica reappears in her life and seems to want to give her mother a second chance. However Jessica has not been raised to be a servant and her very existence will turn Val’s routine on its head. With precision and humour, Anna Muylaert turns her eye on the subtle and powerful forces that keep rigid class structures in place and how the youth may just be the ones to shake it all up."
196,424694,Bohemian Rhapsody,2018-11-02,45.115,8.1,Bohemian Rhapsody,"Singer Freddie Mercury, guitarist Brian May, drummer Roger Taylor and bass guitarist John Deacon take the music world by storm when they form the rock 'n' roll band Queen in 1970. Hit songs become instant classics. When Mercury's increasingly wild lifestyle starts to spiral out of control, Queen soon faces its greatest challenge yet – finding a way to keep the band together amid the success and excess."
197,204,The Wages of Fear,1955-02-16,10.22,8.1,Le salaire de la peur,"In the South American jungle, supplies of nitroglycerine are needed at a remote oil field. The oil company pays four men to deliver the supplies in two trucks. A tense rivalry develops between the two sets of drivers on the rough remote roads where the slightest jolt can result in death."
198,32085,Vincent,1982-01-01,7.982,8.0,Vincent,Young Vincent Malloy dreams of being just like Vincent Price and loses himself in macabre daydreams that annoy his mother.
199,821,Judgment at Nuremberg,1961-12-19,8.896,8.0,Judgment at Nuremberg,"In 1947, four German judges who served on the bench during the Nazi regime face a military tribunal to answer charges of crimes against humanity. Chief Justice Haywood hears evidence and testimony not only from lead defendant Ernst Janning and his defense attorney Hans Rolfe, but also from the widow of a Nazi general, an idealistic U.S. Army captain and reluctant witness Irene Wallner."
